[
  {
    "id": 1,
    "priority": 1,
    "action": {
      "type": "modifyHeaders",
      "requestHeaders": [
        {
          "header": "origin",
          "operation": "remove"
        },
        {
          "header": "accept",
          "operation": "set",
          "value": "text/html,application/xhtml+xml,application/xml;q=0.9,image/avif,image/webp,image/apng,*/*;q=0.8,application/signed-exchange;v=b3;q=0.7"
        }
      ]
    },
    "condition": {
      "excludedInitiatorDomains": ["facebook.com"]
    }
  }
]
